lambda,round,accuracy,forgetting,aulc,divergence,beta_hat,rho_hat,subspace_rank,measurement_overhead_seconds,source_file
0.0,0,0.2352,0.0074999998323619,0.2352,0.0345379572914484,,,0,10.57871841399924,experiments/results/cifar100/lmss_geo/stage0_measurement/dirichlet_a01/seed42/fcl_run_summary_20260816-102722_full_s42_fixed_epochs5_pat2_dirichlet_a01_measure.csv
0.0,1,0.3532,0.0123000005260109,0.2942,0.207944923160498,0.7151993715904403,0.5336671513308258,64,53.61946348699962,experiments/results/cifar100/lmss_geo/stage0_measurement/dirichlet_a01/seed42/fcl_run_summary_20260816-102722_full_s42_fixed_epochs5_pat2_dirichlet_a01_measure.csv
0.0,2,0.422,0.0173000004142522,0.3368,0.0893443411649137,0.6480959982932183,0.5932149709058095,64,53.42185003700047,experiments/results/cifar100/lmss_geo/stage0_measurement/dirichlet_a01/seed42/fcl_run_summary_20260816-102722_full_s42_fixed_epochs5_pat2_dirichlet_a01_measure.csv
0.0,3,0.4719,0.0237000007182359,0.370575,0.0724299951583386,0.6149790053437659,0.6205006000450223,64,53.23120152199908,experiments/results/cifar100/lmss_geo/stage0_measurement/dirichlet_a01/seed42/fcl_run_summary_20260816-102722_full_s42_fixed_epochs5_pat2_dirichlet_a01_measure.csv
0.0,4,0.4881,0.034400001168251,0.39408,0.0762571898524371,0.6218104137157655,0.6149712076871837,64,53.39729219799938,experiments/results/cifar100/lmss_geo/stage0_measurement/dirichlet_a01/seed42/fcl_run_summary_20260816-102722_full_s42_fixed_epochs5_pat2_dirichlet_a01_measure.csv
0.0,5,0.5018,0.0418000034987926,0.4120333333333333,0.0776796110013066,0.6318159652144473,0.6067817027445301,64,56.09684489700203,experiments/results/cifar100/lmss_geo/stage0_measurement/dirichlet_a01/seed42/fcl_run_summary_20260816-102722_full_s42_fixed_epochs5_pat2_dirichlet_a01_measure.csv
0.0,6,0.528,0.0379000008106231,0.4286,0.0767620785875517,0.6373776375991671,0.6021813368087985,64,57.82675619600059,experiments/results/cifar100/lmss_geo/stage0_measurement/dirichlet_a01/seed42/fcl_run_summary_20260816-102722_full_s42_fixed_epochs5_pat2_dirichlet_a01_measure.csv
0.25,0,0.2352,0.0074999998323619,0.2352,0.0345379572914484,,,0,10.278645925000092,experiments/results/cifar100/lmss_geo/stage1_fixed_lambda/dirichlet_a01/lambda025/seed42/fcl_run_summary_20260823-135927_full_s42_fixed_epochs5_pat2_dirichlet_a01_lambda025.csv
0.25,1,0.348,0.0104000000283122,0.2915999999999999,0.2094774316298596,0.7174262928508804,0.5315766239679077,64,52.82154645199989,experiments/results/cifar100/lmss_geo/stage1_fixed_lambda/dirichlet_a01/lambda025/seed42/fcl_run_summary_20260823-135927_full_s42_fixed_epochs5_pat2_dirichlet_a01_lambda025.csv
0.25,2,0.4167,0.0138999996706843,0.3333,0.0909828492159619,0.651049011319955,0.5907207366260675,64,52.8150229010007,experiments/results/cifar100/lmss_geo/stage1_fixed_lambda/dirichlet_a01/lambda025/seed42/fcl_run_summary_20260823-135927_full_s42_fixed_epochs5_pat2_dirichlet_a01_lambda025.csv
0.25,3,0.4673,0.0221999995410442,0.3668,0.074435992198139,0.6166756206413356,0.6191319563377933,64,52.8321253139984,experiments/results/cifar100/lmss_geo/stage1_fixed_lambda/dirichlet_a01/lambda025/seed42/fcl_run_summary_20260823-135927_full_s42_fixed_epochs5_pat2_dirichlet_a01_lambda025.csv
0.25,4,0.4855,0.0317999981343746,0.39054,0.0782355584447033,0.6225560609125634,0.6143646629546944,64,52.69805918400198,experiments/results/cifar100/lmss_geo/stage1_fixed_lambda/dirichlet_a01/lambda025/seed42/fcl_run_summary_20260823-135927_full_s42_fixed_epochs5_pat2_dirichlet_a01_lambda025.csv
0.25,5,0.5017,0.0374999977648258,0.4090666666666667,0.0796707821668274,0.6315586254148268,0.606993718736176,64,52.81991085799564,experiments/results/cifar100/lmss_geo/stage1_fixed_lambda/dirichlet_a01/lambda025/seed42/fcl_run_summary_20260823-135927_full_s42_fixed_epochs5_pat2_dirichlet_a01_lambda025.csv
0.25,6,0.5264,0.0355000011622905,0.4258285714285715,0.0787864338938399,0.6356281465653474,0.6036322170284247,64,52.843176372003654,experiments/results/cifar100/lmss_geo/stage1_fixed_lambda/dirichlet_a01/lambda025/seed42/fcl_run_summary_20260823-135927_full_s42_fixed_epochs5_pat2_dirichlet_a01_lambda025.csv
0.5,0,0.2352,0.0074999998323619,0.2352,0.0345379572914484,,,0,10.412823890001164,experiments/results/cifar100/lmss_geo/stage1_fixed_lambda/dirichlet_a01/lambda050/seed42/fcl_run_summary_20260823-130753_full_s42_fixed_epochs5_pat2_dirichlet_a01_lambda050.csv
0.5,1,0.3417,0.009400000795722,0.28845,0.2110474568085485,0.7197481410202254,0.5293881930868627,64,52.65415652100455,experiments/results/cifar100/lmss_geo/stage1_fixed_lambda/dirichlet_a01/lambda050/seed42/fcl_run_summary_20260823-130753_full_s42_fixed_epochs5_pat2_dirichlet_a01_lambda050.csv
0.5,2,0.4085,0.0118000004440546,0.3284666666666666,0.0928358491449622,0.6542056750083155,0.5880427918031844,64,52.871941671995955,experiments/results/cifar100/lmss_geo/stage1_fixed_lambda/dirichlet_a01/lambda050/seed42/fcl_run_summary_20260823-130753_full_s42_fixed_epochs5_pat2_dirichlet_a01_lambda050.csv
0.5,3,0.4622,0.0186000019311904,0.3618999999999999,0.0768093752762196,0.6188861240097032,0.6173442119193275,64,52.7883463079952,experiments/results/cifar100/lmss_geo/stage1_fixed_lambda/dirichlet_a01/lambda050/seed42/fcl_run_summary_20260823-130753_full_s42_fixed_epochs5_pat2_dirichlet_a01_lambda050.csv
0.5,4,0.4819,0.0283000022172927,0.3858999999999999,0.0799753181462068,0.6230121563542464,0.6139933579817882,64,52.75417757300511,experiments/results/cifar100/lmss_geo/stage1_fixed_lambda/dirichlet_a01/lambda050/seed42/fcl_run_summary_20260823-130753_full_s42_fixed_epochs5_pat2_dirichlet_a01_lambda050.csv
0.5,5,0.4995,0.0357000008225441,0.4048333333333333,0.081191832793494,0.6303595394576772,0.6079806415851755,64,52.88100004699845,experiments/results/cifar100/lmss_geo/stage1_fixed_lambda/dirichlet_a01/lambda050/seed42/fcl_run_summary_20260823-130753_full_s42_fixed_epochs5_pat2_dirichlet_a01_lambda050.csv
0.5,6,0.5249,0.033900000154972,0.4219857142857143,0.0806411776379716,0.6344054605571854,0.6046441428169245,64,52.989652182997816,experiments/results/cifar100/lmss_geo/stage1_fixed_lambda/dirichlet_a01/lambda050/seed42/fcl_run_summary_20260823-130753_full_s42_fixed_epochs5_pat2_dirichlet_a01_lambda050.csv
0.75,0,0.2352,0.0074999998323619,0.2352,0.0345379572914484,,,0,10.31296009700145,experiments/results/cifar100/lmss_geo/stage1_fixed_lambda/dirichlet_a01/lambda075/seed42/fcl_run_summary_20260823-123041_full_s42_fixed_epochs5_pat2_dirichlet_a01_lambda075.csv
0.75,1,0.3336,0.0085000004619359,0.2844,0.2126805496034725,0.722144764919644,0.5271197540221338,64,52.70248371800517,experiments/results/cifar100/lmss_geo/stage1_fixed_lambda/dirichlet_a01/lambda075/seed42/fcl_run_summary_20260823-123041_full_s42_fixed_epochs5_pat2_dirichlet_a01_lambda075.csv
0.75,2,0.3989,0.0092000011354684,0.3225666666666666,0.0949350429416012,0.6577145641791661,0.5850516522674155,64,52.76643302800403,experiments/results/cifar100/lmss_geo/stage1_fixed_lambda/dirichlet_a01/lambda075/seed42/fcl_run_summary_20260823-123041_full_s42_fixed_epochs5_pat2_dirichlet_a01_lambda075.csv
0.75,3,0.4526,0.0156999994069337,0.355075,0.0795603053932138,0.6217276913025126,0.6150384611530292,64,52.82773389900194,experiments/results/cifar100/lmss_geo/stage1_fixed_lambda/dirichlet_a01/lambda075/seed42/fcl_run_summary_20260823-123041_full_s42_fixed_epochs5_pat2_dirichlet_a01_lambda075.csv
0.75,4,0.4728,0.0255999993532896,0.37862,0.0821888584126551,0.6244103632558687,0.6128536829816151,64,52.80066006899506,experiments/results/cifar100/lmss_geo/stage1_fixed_lambda/dirichlet_a01/lambda075/seed42/fcl_run_summary_20260823-123041_full_s42_fixed_epochs5_pat2_dirichlet_a01_lambda075.csv
0.75,5,0.4947,0.0300999991595745,0.3979666666666666,0.083565096609414,0.630187027214318,0.6081224981742419,64,52.80946458500421,experiments/results/cifar100/lmss_geo/stage1_fixed_lambda/dirichlet_a01/lambda075/seed42/fcl_run_summary_20260823-123041_full_s42_fixed_epochs5_pat2_dirichlet_a01_lambda075.csv
0.75,6,0.5196,0.0294000003486871,0.4153428571428571,0.0833245742190606,0.6334787666982793,0.6054099712605661,64,53.00328016199546,experiments/results/cifar100/lmss_geo/stage1_fixed_lambda/dirichlet_a01/lambda075/seed42/fcl_run_summary_20260823-123041_full_s42_fixed_epochs5_pat2_dirichlet_a01_lambda075.csv
1.0,0,0.2352,0.0074999998323619,0.2352,0.0345379572914484,,,0,10.390834956003118,experiments/results/cifar100/lmss_geo/stage1_fixed_lambda/dirichlet_a01/lambda100/seed42/fcl_run_summary_20260823-114444_full_s42_fixed_epochs5_pat2_dirichlet_a01_lambda1.csv
1.0,1,0.3372,0.0105999996885657,0.2862,0.1798037410249999,0.6935794519713143,0.5535526605741182,64,66.36314242799608,experiments/results/cifar100/lmss_geo/stage1_fixed_lambda/dirichlet_a01/lambda100/seed42/fcl_run_summary_20260823-114444_full_s42_fixed_epochs5_pat2_dirichlet_a01_lambda1.csv
1.0,2,0.3962,0.0119000002741813,0.3228666666666667,0.0910472640019767,0.6628427798600484,0.5806524090537734,64,52.75614243000064,experiments/results/cifar100/lmss_geo/stage1_fixed_lambda/dirichlet_a01/lambda100/seed42/fcl_run_summary_20260823-114444_full_s42_fixed_epochs5_pat2_dirichlet_a01_lambda1.csv
1.0,3,0.4474,0.0157000012695789,0.354,0.0897100312379648,0.6315352496714174,0.6070129737728688,64,52.75218665899638,experiments/results/cifar100/lmss_geo/stage1_fixed_lambda/dirichlet_a01/lambda100/seed42/fcl_run_summary_20260823-114444_full_s42_fixed_epochs5_pat2_dirichlet_a01_lambda1.csv
1.0,4,0.4687,0.0208999998867511,0.37694,0.095793641868289,0.6204364801825091,0.6160872663977806,64,52.78461359200219,experiments/results/cifar100/lmss_geo/stage1_fixed_lambda/dirichlet_a01/lambda100/seed42/fcl_run_summary_20260823-114444_full_s42_fixed_epochs5_pat2_dirichlet_a01_lambda1.csv
1.0,5,0.4892,0.0231000017374753,0.39565,0.0892975983667232,0.6274362242057075,0.6103800257170047,64,52.791831546996946,experiments/results/cifar100/lmss_geo/stage1_fixed_lambda/dirichlet_a01/lambda100/seed42/fcl_run_summary_20260823-114444_full_s42_fixed_epochs5_pat2_dirichlet_a01_lambda1.csv
1.0,6,0.5064,0.0265999976545572,0.4114714285714286,0.0921150070702207,0.6060724283048671,0.6276364964652165,64,52.91052282899818,experiments/results/cifar100/lmss_geo/stage1_fixed_lambda/dirichlet_a01/lambda100/seed42/fcl_run_summary_20260823-114444_full_s42_fixed_epochs5_pat2_dirichlet_a01_lambda1.csv
