run_id,tag,round,client,epoch,epochs_total,lr,replay_ratio,cl_batch,cl_batch_size,train_loss,train_acc,val_loss,val_acc
20251015-122621,controller_v2,0,0,1,20,0.0001,0.5,1,5242,4.2758,14.13,3.9399,21.62
20251015-122621,controller_v2,0,0,2,20,0.0001,0.5,1,5242,3.4589,40.09,3.2047,34.0
20251015-122621,controller_v2,0,0,3,20,0.0001,0.5,1,5242,2.8077,52.68,2.8103,44.1
20251015-122621,controller_v2,0,0,4,20,0.0001,0.5,1,5242,2.2904,63.78,2.4839,51.3
20251015-122621,controller_v2,0,0,5,20,0.0001,0.5,1,5242,1.8581,72.67,2.1938,54.98
20251015-122621,controller_v2,0,0,6,20,0.0001,0.5,1,5242,1.4746,79.72,2.0668,57.48
20251015-122621,controller_v2,0,0,7,20,0.0001,0.5,1,5242,1.1538,85.23,1.8657,59.78
20251015-122621,controller_v2,0,0,8,20,0.0001,0.5,1,5242,0.8864,90.33,1.7825,60.78
20251015-122621,controller_v2,0,0,9,20,0.0001,0.5,1,5242,0.6865,93.48,1.6868,62.1
20251015-122621,controller_v2,0,0,10,20,0.0001,0.5,1,5242,0.5013,96.45,1.6489,62.38
20251015-122621,controller_v2,0,0,11,20,0.0001,0.5,1,5242,0.3624,98.14,1.616,62.4
20251015-122621,controller_v2,0,0,12,20,0.0001,0.5,1,5242,0.2689,98.83,1.5326,64.04
20251015-122621,controller_v2,0,0,13,20,0.0001,0.5,1,5242,0.2004,99.28,1.5478,63.56
20251015-122621,controller_v2,0,0,14,20,0.0001,0.5,1,5242,0.1451,99.68,1.4956,63.8
20251015-122621,controller_v2,0,0,15,20,0.0001,0.5,1,5242,0.1099,99.91,1.4839,64.16
20251015-122621,controller_v2,0,0,16,20,0.0001,0.5,1,5242,0.0838,99.94,1.5004,64.22
20251015-122621,controller_v2,0,0,17,20,0.0001,0.5,1,5242,0.0632,100.0,1.4528,64.64
20251015-122621,controller_v2,0,0,18,20,0.0001,0.5,1,5242,0.0514,99.99,1.4613,64.52
20251015-122621,controller_v2,0,0,19,20,0.0001,0.5,1,5242,0.0429,99.99,1.4575,64.26
20251015-122621,controller_v2,0,0,20,20,0.0001,0.5,1,5242,0.0363,100.0,1.4553,64.32
20251015-122621,controller_v2,0,1,1,20,0.0001,0.5,1,5242,4.2697,15.09,3.9352,22.24
20251015-122621,controller_v2,0,1,2,20,0.0001,0.5,1,5242,3.4503,40.15,3.2519,34.28
20251015-122621,controller_v2,0,1,3,20,0.0001,0.5,1,5242,2.8038,52.3,2.7823,43.18
20251015-122621,controller_v2,0,1,4,20,0.0001,0.5,1,5242,2.2587,63.25,2.4458,49.58
20251015-122621,controller_v2,0,1,5,20,0.0001,0.5,1,5242,1.8142,71.82,2.2106,53.72
20251015-122621,controller_v2,0,1,6,20,0.0001,0.5,1,5242,1.4412,79.69,2.0113,58.56
20251015-122621,controller_v2,0,1,7,20,0.0001,0.5,1,5242,1.1364,84.88,1.8996,59.94
20251015-122621,controller_v2,0,1,8,20,0.0001,0.5,1,5242,0.8808,89.55,1.7718,62.0
20251015-122621,controller_v2,0,1,9,20,0.0001,0.5,1,5242,0.6719,93.44,1.6839,61.86
20251015-122621,controller_v2,0,1,10,20,0.0001,0.5,1,5242,0.5041,95.68,1.603,62.84
20251015-122621,controller_v2,0,1,11,20,0.0001,0.5,1,5242,0.3808,97.65,1.5843,63.4
20251015-122621,controller_v2,0,1,12,20,0.0001,0.5,1,5242,0.2724,98.84,1.5531,63.82
20251015-122621,controller_v2,0,1,13,20,0.0001,0.5,1,5242,0.1925,99.48,1.5146,64.02
20251015-122621,controller_v2,0,1,14,20,0.0001,0.5,1,5242,0.1482,99.61,1.5115,63.5
20251015-122621,controller_v2,0,1,15,20,0.0001,0.5,1,5242,0.1093,99.8,1.4912,64.34
20251015-122621,controller_v2,0,1,16,20,0.0001,0.5,1,5242,0.0816,99.95,1.4768,64.62
20251015-122621,controller_v2,0,1,17,20,0.0001,0.5,1,5242,0.0652,100.0,1.4622,64.94
20251015-122621,controller_v2,0,1,18,20,0.0001,0.5,1,5242,0.0527,99.97,1.4741,64.36
20251015-122621,controller_v2,0,1,19,20,0.0001,0.5,1,5242,0.0445,100.0,1.4534,64.62
20251015-122621,controller_v2,0,1,20,20,0.0001,0.5,1,5242,0.037,99.99,1.4545,64.56
20251015-122621,controller_v2,0,2,1,20,0.0001,0.5,1,5242,4.2688,15.91,3.9368,19.82
20251015-122621,controller_v2,0,2,2,20,0.0001,0.5,1,5242,3.489,37.59,3.2521,35.12
20251015-122621,controller_v2,0,2,3,20,0.0001,0.5,1,5242,2.8471,51.94,2.7748,43.96
20251015-122621,controller_v2,0,2,4,20,0.0001,0.5,1,5242,2.2954,62.46,2.4263,51.18
20251015-122621,controller_v2,0,2,5,20,0.0001,0.5,1,5242,1.8698,71.35,2.211,55.6
20251015-122621,controller_v2,0,2,6,20,0.0001,0.5,1,5242,1.477,79.03,2.0371,57.8
20251015-122621,controller_v2,0,2,7,20,0.0001,0.5,1,5242,1.1724,85.37,1.8645,60.7
20251015-122621,controller_v2,0,2,8,20,0.0001,0.5,1,5242,0.9074,89.76,1.7765,62.66
20251015-122621,controller_v2,0,2,9,20,0.0001,0.5,1,5242,0.6943,93.23,1.6861,62.74
20251015-122621,controller_v2,0,2,10,20,0.0001,0.5,1,5242,0.5103,96.4,1.5662,64.68
20251015-122621,controller_v2,0,2,11,20,0.0001,0.5,1,5242,0.376,97.7,1.5671,64.48
20251015-122621,controller_v2,0,2,12,20,0.0001,0.5,1,5242,0.2703,99.02,1.5184,63.84
20251015-122621,controller_v2,0,2,13,20,0.0001,0.5,1,5242,0.1953,99.62,1.4886,64.92
20251015-122621,controller_v2,0,2,14,20,0.0001,0.5,1,5242,0.1499,99.68,1.4751,64.82
20251015-122621,controller_v2,0,2,15,20,0.0001,0.5,1,5242,0.1088,99.86,1.4572,65.36
20251015-122621,controller_v2,0,2,16,20,0.0001,0.5,1,5242,0.0833,99.95,1.4418,64.92
20251015-122621,controller_v2,0,2,17,20,0.0001,0.5,1,5242,0.0649,99.94,1.4405,65.12
20251015-122621,controller_v2,0,2,18,20,0.0001,0.5,1,5242,0.0532,99.96,1.4249,65.06
20251015-122621,controller_v2,0,2,19,20,0.0001,0.5,1,5242,0.0433,100.0,1.4203,65.56
20251015-122621,controller_v2,0,2,20,20,0.0001,0.5,1,5242,0.037,100.0,1.4312,65.1
20251015-122621,controller_v2,0,3,1,20,0.0001,0.5,1,5242,4.2554,14.29,3.9756,19.22
20251015-122621,controller_v2,0,3,2,20,0.0001,0.5,1,5242,3.4309,38.4,3.2453,31.48
20251015-122621,controller_v2,0,3,3,20,0.0001,0.5,1,5242,2.7736,50.59,2.7636,42.48
20251015-122621,controller_v2,0,3,4,20,0.0001,0.5,1,5242,2.2366,62.86,2.4565,49.32
20251015-122621,controller_v2,0,3,5,20,0.0001,0.5,1,5242,1.789,71.07,2.2197,53.88
20251015-122621,controller_v2,0,3,6,20,0.0001,0.5,1,5242,1.4264,78.98,2.0365,57.82
20251015-122621,controller_v2,0,3,7,20,0.0001,0.5,1,5242,1.1235,85.08,1.8878,59.7
20251015-122621,controller_v2,0,3,8,20,0.0001,0.5,1,5242,0.8761,89.81,1.783,60.62
20251015-122621,controller_v2,0,3,9,20,0.0001,0.5,1,5242,0.6645,93.21,1.7171,61.7
20251015-122621,controller_v2,0,3,10,20,0.0001,0.5,1,5242,0.5001,96.15,1.6395,62.34
20251015-122621,controller_v2,0,3,11,20,0.0001,0.5,1,5242,0.3666,97.88,1.5796,63.68
20251015-122621,controller_v2,0,3,12,20,0.0001,0.5,1,5242,0.2659,98.77,1.5537,63.3
20251015-122621,controller_v2,0,3,13,20,0.0001,0.5,1,5242,0.1879,99.44,1.5261,63.7
20251015-122621,controller_v2,0,3,14,20,0.0001,0.5,1,5242,0.141,99.73,1.5077,63.64
20251015-122621,controller_v2,0,3,15,20,0.0001,0.5,1,5242,0.1067,99.9,1.5022,64.26
20251015-122621,controller_v2,0,3,16,20,0.0001,0.5,1,5242,0.0825,99.94,1.4918,63.56
20251015-122621,controller_v2,0,3,17,20,0.0001,0.5,1,5242,0.0635,99.95,1.4771,64.32
20251015-122621,controller_v2,0,3,18,20,0.0001,0.5,1,5242,0.0516,99.95,1.4753,64.1
20251015-122621,controller_v2,0,3,19,20,0.0001,0.5,1,5242,0.0443,99.95,1.4592,64.58
20251015-122621,controller_v2,0,3,20,20,0.0001,0.5,1,5242,0.0362,99.97,1.4577,64.42
20251015-122621,controller_v2,1,0,1,20,0.001,0.2,2,1001,1.4842,63.5,3.9545,24.02
20251015-122621,controller_v2,1,0,2,20,0.001,0.2,2,1001,1.0489,77.17,3.5718,22.4
20251015-122621,controller_v2,1,0,3,20,0.001,0.2,2,1001,0.6683,86.75,4.7097,11.78
20251015-122621,controller_v2,1,0,4,20,0.001,0.2,2,1001,0.3626,95.0,3.7223,18.4
20251015-122621,controller_v2,1,0,5,20,0.001,0.2,2,1001,0.2005,98.08,3.1408,27.18
20251015-122621,controller_v2,1,0,6,20,0.001,0.2,2,1001,0.1128,99.67,2.8446,32.7
20251015-122621,controller_v2,1,0,7,20,0.001,0.2,2,1001,0.0651,99.58,2.8727,33.02
20251015-122621,controller_v2,1,0,8,20,0.001,0.2,2,1001,0.0422,99.92,2.6829,35.8
20251015-122621,controller_v2,1,0,9,20,0.001,0.2,2,1001,0.0227,100.0,2.4232,40.48
20251015-122621,controller_v2,1,0,10,20,0.001,0.2,2,1001,0.0156,99.92,2.2276,44.78
20251015-122621,controller_v2,1,0,11,20,0.001,0.2,2,1001,0.0103,100.0,2.1087,46.84
20251015-122621,controller_v2,1,0,12,20,0.001,0.2,2,1001,0.0086,100.0,2.0676,48.14
20251015-122621,controller_v2,1,0,13,20,0.001,0.2,2,1001,0.0061,100.0,2.0574,48.36
20251015-122621,controller_v2,1,0,14,20,0.001,0.2,2,1001,0.0049,100.0,2.0261,48.96
20251015-122621,controller_v2,1,0,15,20,0.001,0.2,2,1001,0.0038,100.0,2.0088,49.16
20251015-122621,controller_v2,1,0,16,20,0.001,0.2,2,1001,0.0035,100.0,1.9988,49.52
20251015-122621,controller_v2,1,0,17,20,0.001,0.2,2,1001,0.0027,100.0,1.9938,49.62
20251015-122621,controller_v2,1,0,18,20,0.001,0.2,2,1001,0.0024,100.0,1.9895,50.14
20251015-122621,controller_v2,1,0,19,20,0.001,0.2,2,1001,0.0022,100.0,1.9921,50.08
20251015-122621,controller_v2,1,0,20,20,0.001,0.2,2,1001,0.002,100.0,1.9854,50.34
20251015-122621,controller_v2,1,1,1,20,0.001,0.2,2,1001,1.4302,63.17,3.5444,25.66
20251015-122621,controller_v2,1,1,2,20,0.001,0.2,2,1001,1.0128,79.17,4.7548,12.94
20251015-122621,controller_v2,1,1,3,20,0.001,0.2,2,1001,0.5975,89.83,3.4515,20.92
20251015-122621,controller_v2,1,1,4,20,0.001,0.2,2,1001,0.3255,95.83,3.196,26.88
20251015-122621,controller_v2,1,1,5,20,0.001,0.2,2,1001,0.1865,98.08,3.1954,28.22
20251015-122621,controller_v2,1,1,6,20,0.001,0.2,2,1001,0.1029,99.67,2.9961,31.22
20251015-122621,controller_v2,1,1,7,20,0.001,0.2,2,1001,0.0608,99.67,2.5783,37.98
20251015-122621,controller_v2,1,1,8,20,0.001,0.2,2,1001,0.0388,99.67,2.4657,40.9
20251015-122621,controller_v2,1,1,9,20,0.001,0.2,2,1001,0.025,100.0,2.3271,43.5
20251015-122621,controller_v2,1,1,10,20,0.001,0.2,2,1001,0.0145,100.0,2.1825,46.8
20251015-122621,controller_v2,1,1,11,20,0.001,0.2,2,1001,0.0091,100.0,2.1099,47.86
20251015-122621,controller_v2,1,1,12,20,0.001,0.2,2,1001,0.0061,100.0,2.0663,49.1
20251015-122621,controller_v2,1,1,13,20,0.001,0.2,2,1001,0.0048,100.0,2.0332,49.48
20251015-122621,controller_v2,1,1,14,20,0.001,0.2,2,1001,0.0042,100.0,1.9914,49.98
20251015-122621,controller_v2,1,1,15,20,0.001,0.2,2,1001,0.0032,100.0,1.9849,50.42
20251015-122621,controller_v2,1,1,16,20,0.001,0.2,2,1001,0.0027,100.0,1.9698,50.1
20251015-122621,controller_v2,1,1,17,20,0.001,0.2,2,1001,0.0023,100.0,1.9605,50.84
20251015-122621,controller_v2,1,1,18,20,0.001,0.2,2,1001,0.0021,100.0,1.9574,51.0
20251015-122621,controller_v2,1,1,19,20,0.001,0.2,2,1001,0.002,100.0,1.9494,50.98
20251015-122621,controller_v2,1,1,20,20,0.001,0.2,2,1001,0.0018,100.0,1.9511,51.2
20251015-122621,controller_v2,1,2,1,20,0.001,0.2,2,1001,1.4156,64.83,3.3555,24.82
20251015-122621,controller_v2,1,2,2,20,0.001,0.2,2,1001,1.0002,77.5,5.1628,11.26
20251015-122621,controller_v2,1,2,3,20,0.001,0.2,2,1001,0.62,89.58,4.143,14.22
20251015-122621,controller_v2,1,2,4,20,0.001,0.2,2,1001,0.3253,96.5,3.4933,21.18
20251015-122621,controller_v2,1,2,5,20,0.001,0.2,2,1001,0.1793,98.67,3.4273,23.38
20251015-122621,controller_v2,1,2,6,20,0.001,0.2,2,1001,0.1005,99.67,2.9062,31.96
20251015-122621,controller_v2,1,2,7,20,0.001,0.2,2,1001,0.0641,99.92,2.7002,35.78
20251015-122621,controller_v2,1,2,8,20,0.001,0.2,2,1001,0.0347,99.83,2.399,41.46
20251015-122621,controller_v2,1,2,9,20,0.001,0.2,2,1001,0.0218,99.92,2.2841,43.7
20251015-122621,controller_v2,1,2,10,20,0.001,0.2,2,1001,0.0128,100.0,2.2113,44.74
20251015-122621,controller_v2,1,2,11,20,0.001,0.2,2,1001,0.0109,100.0,2.1123,47.28
20251015-122621,controller_v2,1,2,12,20,0.001,0.2,2,1001,0.0064,100.0,2.0581,48.58
20251015-122621,controller_v2,1,2,13,20,0.001,0.2,2,1001,0.0047,100.0,2.0359,49.62
20251015-122621,controller_v2,1,2,14,20,0.001,0.2,2,1001,0.004,100.0,2.0243,49.68
20251015-122621,controller_v2,1,2,15,20,0.001,0.2,2,1001,0.0032,100.0,2.0019,50.12
20251015-122621,controller_v2,1,2,16,20,0.001,0.2,2,1001,0.0027,100.0,1.999,50.06
20251015-122621,controller_v2,1,2,17,20,0.001,0.2,2,1001,0.0023,100.0,1.9847,50.16
20251015-122621,controller_v2,1,2,18,20,0.001,0.2,2,1001,0.0021,100.0,1.9862,50.26
20251015-122621,controller_v2,1,2,19,20,0.001,0.2,2,1001,0.0019,100.0,1.9859,50.32
20251015-122621,controller_v2,1,2,20,20,0.001,0.2,2,1001,0.0018,100.0,1.9776,50.26
20251015-122621,controller_v2,1,3,1,20,0.001,0.2,2,1001,1.5181,60.75,3.7681,22.44
20251015-122621,controller_v2,1,3,2,20,0.001,0.2,2,1001,1.1518,74.83,4.3234,12.88
20251015-122621,controller_v2,1,3,3,20,0.001,0.2,2,1001,0.6855,87.67,4.5876,11.14
20251015-122621,controller_v2,1,3,4,20,0.001,0.2,2,1001,0.4114,94.67,3.6729,19.42
20251015-122621,controller_v2,1,3,5,20,0.001,0.2,2,1001,0.2176,98.0,3.1756,26.98
20251015-122621,controller_v2,1,3,6,20,0.001,0.2,2,1001,0.1038,99.5,3.4289,24.26
20251015-122621,controller_v2,1,3,7,20,0.001,0.2,2,1001,0.0702,99.58,2.9134,32.04
20251015-122621,controller_v2,1,3,8,20,0.001,0.2,2,1001,0.0426,99.83,2.5336,38.74
20251015-122621,controller_v2,1,3,9,20,0.001,0.2,2,1001,0.022,100.0,2.3563,42.62
20251015-122621,controller_v2,1,3,10,20,0.001,0.2,2,1001,0.0143,100.0,2.2479,44.98
20251015-122621,controller_v2,1,3,11,20,0.001,0.2,2,1001,0.0096,100.0,2.1645,46.46
20251015-122621,controller_v2,1,3,12,20,0.001,0.2,2,1001,0.0073,100.0,2.1016,47.92
20251015-122621,controller_v2,1,3,13,20,0.001,0.2,2,1001,0.0053,100.0,2.0687,48.6
20251015-122621,controller_v2,1,3,14,20,0.001,0.2,2,1001,0.0041,100.0,2.062,48.92
20251015-122621,controller_v2,1,3,15,20,0.001,0.2,2,1001,0.0034,100.0,2.0373,49.04
20251015-122621,controller_v2,1,3,16,20,0.001,0.2,2,1001,0.0027,100.0,2.0297,49.72
20251015-122621,controller_v2,1,3,17,20,0.001,0.2,2,1001,0.0025,100.0,2.0149,49.44
20251015-122621,controller_v2,1,3,18,20,0.001,0.2,2,1001,0.0021,100.0,2.0013,49.98
20251015-122621,controller_v2,1,3,19,20,0.001,0.2,2,1001,0.0019,100.0,2.0022,50.08
20251015-122621,controller_v2,1,3,20,20,0.001,0.2,2,1001,0.0018,100.0,1.9976,50.1
20251015-122621,controller_v2,2,0,1,20,0.001,0.25,3,1001,1.2296,67.79,2.1189,46.14
20251015-122621,controller_v2,2,0,2,20,0.001,0.25,3,1001,0.6636,82.01,2.3303,41.8
20251015-122621,controller_v2,2,0,3,20,0.001,0.25,3,1001,0.3598,93.45,2.3277,42.04
20251015-122621,controller_v2,2,0,4,20,0.001,0.25,3,1001,0.2116,96.16,2.2489,44.36
20251015-122621,controller_v2,2,0,5,20,0.001,0.25,3,1001,0.12,98.8,2.2533,44.12
20251015-122621,controller_v2,2,0,6,20,0.001,0.25,3,1001,0.0641,99.6,2.1304,46.96
20251015-122621,controller_v2,2,0,7,20,0.001,0.25,3,1001,0.0335,99.92,2.1042,47.54
20251015-122621,controller_v2,2,0,8,20,0.001,0.25,3,1001,0.026,99.84,2.0284,49.66
20251015-122621,controller_v2,2,0,9,20,0.001,0.25,3,1001,0.0135,100.0,1.9679,50.96
20251015-122621,controller_v2,2,0,10,20,0.001,0.25,3,1001,0.0094,100.0,1.9346,52.0
20251015-122621,controller_v2,2,0,11,20,0.001,0.25,3,1001,0.0067,100.0,1.8816,52.84
20251015-122621,controller_v2,2,0,12,20,0.001,0.25,3,1001,0.0047,100.0,1.8528,53.6
20251015-122621,controller_v2,2,0,13,20,0.001,0.25,3,1001,0.0038,100.0,1.8392,54.28
20251015-122621,controller_v2,2,0,14,20,0.001,0.25,3,1001,0.0029,100.0,1.8278,54.66
20251015-122621,controller_v2,2,0,15,20,0.001,0.25,3,1001,0.0025,100.0,1.8183,54.4
20251015-122621,controller_v2,2,0,16,20,0.001,0.25,3,1001,0.0021,100.0,1.8105,54.62
20251015-122621,controller_v2,2,0,17,20,0.001,0.25,3,1001,0.0019,100.0,1.8011,55.44
20251015-122621,controller_v2,2,0,18,20,0.001,0.25,3,1001,0.0019,100.0,1.8045,55.1
20251015-122621,controller_v2,2,0,19,20,0.001,0.25,3,1001,0.0015,100.0,1.7867,55.48
20251015-122621,controller_v2,2,0,20,20,0.001,0.25,3,1001,0.0014,100.0,1.7919,55.44
20251015-122621,controller_v2,2,1,1,20,0.001,0.25,3,1001,1.2153,67.15,2.1334,46.08
20251015-122621,controller_v2,2,1,2,20,0.001,0.25,3,1001,0.6322,83.53,2.3232,42.1
20251015-122621,controller_v2,2,1,3,20,0.001,0.25,3,1001,0.3372,93.61,2.391,41.16
20251015-122621,controller_v2,2,1,4,20,0.001,0.25,3,1001,0.1915,97.44,2.4272,40.68
20251015-122621,controller_v2,2,1,5,20,0.001,0.25,3,1001,0.089,99.2,2.2438,44.4
20251015-122621,controller_v2,2,1,6,20,0.001,0.25,3,1001,0.0572,99.6,2.1923,45.1
20251015-122621,controller_v2,2,2,1,20,0.001,0.25,3,1001,1.2744,66.83,1.9793,49.12
20251015-122621,controller_v2,2,2,2,20,0.001,0.25,3,1001,0.6266,83.61,2.8224,34.58
20251015-122621,controller_v2,2,2,3,20,0.001,0.25,3,1001,0.3509,92.65,2.1931,43.6
20251015-122621,controller_v2,2,2,4,20,0.001,0.25,3,1001,0.2026,97.2,2.3963,40.56
20251015-122621,controller_v2,2,2,5,20,0.001,0.25,3,1001,0.107,98.72,2.2752,43.92
20251015-122621,controller_v2,2,2,6,20,0.001,0.25,3,1001,0.068,99.28,2.1243,47.08
20251015-122621,controller_v2,2,3,1,20,0.001,0.25,3,1001,1.2458,65.87,2.0409,48.52
20251015-122621,controller_v2,2,3,2,20,0.001,0.25,3,1001,0.543,85.85,2.2401,42.6
20251015-122621,controller_v2,2,3,3,20,0.001,0.25,3,1001,0.2938,94.48,2.3578,43.04
20251015-122621,controller_v2,2,3,4,20,0.001,0.25,3,1001,0.1684,97.92,2.3245,42.14
20251015-122621,controller_v2,2,3,5,20,0.001,0.25,3,1001,0.0764,99.12,2.3531,43.22
20251015-122621,controller_v2,2,3,6,20,0.001,0.25,3,1001,0.053,99.52,2.1448,47.72
20251015-122621,controller_v2,3,0,1,20,0.001,0.3,4,1001,1.0368,71.34,1.5849,56.5
20251015-122621,controller_v2,3,0,2,20,0.001,0.3,4,1001,0.4144,89.45,2.0923,45.56
20251015-122621,controller_v2,3,0,3,20,0.001,0.3,4,1001,0.211,96.3,2.1056,47.02
20251015-122621,controller_v2,3,0,4,20,0.001,0.3,4,1001,0.1182,98.38,2.1293,46.52
20251015-122621,controller_v2,3,0,5,20,0.001,0.3,4,1001,0.0712,99.0,2.0365,47.88
20251015-122621,controller_v2,3,0,6,20,0.001,0.3,4,1001,0.0434,99.46,1.9265,50.92
20251015-122621,controller_v2,3,1,1,20,0.001,0.3,4,1001,1.0521,73.27,1.777,53.2
20251015-122621,controller_v2,3,1,2,20,0.001,0.3,4,1001,0.4286,88.83,2.3896,44.24
20251015-122621,controller_v2,3,1,3,20,0.001,0.3,4,1001,0.2189,95.22,2.2984,44.9
20251015-122621,controller_v2,3,1,4,20,0.001,0.3,4,1001,0.1181,98.54,2.1923,45.94
20251015-122621,controller_v2,3,1,5,20,0.001,0.3,4,1001,0.0671,99.46,2.2835,43.1
20251015-122621,controller_v2,3,1,6,20,0.001,0.3,4,1001,0.0453,99.31,2.2146,45.58
20251015-122621,controller_v2,3,2,1,20,0.001,0.3,4,1001,0.9152,74.11,1.6253,56.22
20251015-122621,controller_v2,3,2,2,20,0.001,0.3,4,1001,0.4077,89.45,2.1158,46.84
20251015-122621,controller_v2,3,2,3,20,0.001,0.3,4,1001,0.2078,96.22,2.1196,47.04
20251015-122621,controller_v2,3,2,4,20,0.001,0.3,4,1001,0.1093,98.69,2.4202,43.68
20251015-122621,controller_v2,3,2,5,20,0.001,0.3,4,1001,0.0657,99.61,2.1326,48.18
20251015-122621,controller_v2,3,2,6,20,0.001,0.3,4,1001,0.0417,99.69,1.8649,53.18
20251015-122621,controller_v2,3,3,1,20,0.001,0.3,4,1001,0.9452,73.04,1.6165,55.98
20251015-122621,controller_v2,3,3,2,20,0.001,0.3,4,1001,0.3918,89.29,1.8438,52.9
20251015-122621,controller_v2,3,3,3,20,0.001,0.3,4,1001,0.2106,95.69,2.2681,45.26
20251015-122621,controller_v2,3,3,4,20,0.001,0.3,4,1001,0.1133,98.69,2.0305,49.28
20251015-122621,controller_v2,3,3,5,20,0.001,0.3,4,1001,0.0669,99.31,1.972,49.44
20251015-122621,controller_v2,3,3,6,20,0.001,0.3,4,1001,0.0361,99.69,1.9259,51.3
20251015-122621,controller_v2,4,0,1,20,0.001,0.35,5,1001,0.9093,74.2,1.587,57.96
20251015-122621,controller_v2,4,0,2,20,0.001,0.35,5,1001,0.3582,91.03,2.243,46.0
20251015-122621,controller_v2,4,0,3,20,0.001,0.35,5,1001,0.1816,97.11,2.2019,45.7
20251015-122621,controller_v2,4,0,4,20,0.001,0.35,5,1001,0.0887,98.96,2.3306,43.0
20251015-122621,controller_v2,4,0,5,20,0.001,0.35,5,1001,0.0556,99.56,1.9824,49.32
20251015-122621,controller_v2,4,0,6,20,0.001,0.35,5,1001,0.0302,99.7,1.9306,50.46
20251015-122621,controller_v2,4,1,1,20,0.001,0.35,5,1001,0.9013,75.83,1.4653,61.2
20251015-122621,controller_v2,4,1,2,20,0.001,0.35,5,1001,0.3651,91.18,1.8263,51.84
20251015-122621,controller_v2,4,1,3,20,0.001,0.35,5,1001,0.1809,96.22,1.9295,50.4
20251015-122621,controller_v2,4,1,4,20,0.001,0.35,5,1001,0.1014,98.37,1.9626,50.54
20251015-122621,controller_v2,4,1,5,20,0.001,0.35,5,1001,0.0646,99.18,2.0329,50.64
20251015-122621,controller_v2,4,1,6,20,0.001,0.35,5,1001,0.0358,99.7,1.7981,53.6
20251015-122621,controller_v2,4,2,1,20,0.001,0.35,5,1001,0.8992,76.8,1.3671,62.62
20251015-122621,controller_v2,4,2,2,20,0.001,0.35,5,1001,0.3129,92.22,1.6612,55.02
20251015-122621,controller_v2,4,2,3,20,0.001,0.35,5,1001,0.1596,97.03,1.9258,49.9
20251015-122621,controller_v2,4,2,4,20,0.001,0.35,5,1001,0.0879,98.74,1.9062,51.26
20251015-122621,controller_v2,4,2,5,20,0.001,0.35,5,1001,0.06,99.56,1.8322,52.98
20251015-122621,controller_v2,4,2,6,20,0.001,0.35,5,1001,0.035,99.56,1.8505,52.32
20251015-122621,controller_v2,4,3,1,20,0.001,0.35,5,1001,0.8715,77.91,1.3852,63.2
20251015-122621,controller_v2,4,3,2,20,0.001,0.35,5,1001,0.3533,91.48,1.875,52.06
20251015-122621,controller_v2,4,3,3,20,0.001,0.35,5,1001,0.1824,96.29,2.2747,45.88
20251015-122621,controller_v2,4,3,4,20,0.001,0.35,5,1001,0.1164,98.37,1.9641,50.74
20251015-122621,controller_v2,4,3,5,20,0.001,0.35,5,1001,0.0584,99.18,1.9105,51.68
20251015-122621,controller_v2,4,3,6,20,0.001,0.35,5,1001,0.0356,99.78,1.8428,52.86
20251015-122621,controller_v2,5,0,1,20,0.001,0.4,6,1001,0.7938,79.0,1.4404,61.4
20251015-122621,controller_v2,5,0,2,20,0.001,0.4,6,1001,0.2731,92.64,1.8644,53.7
20251015-122621,controller_v2,5,0,3,20,0.001,0.4,6,1001,0.1384,97.07,2.0141,50.9
20251015-122621,controller_v2,5,0,4,20,0.001,0.4,6,1001,0.0892,98.5,1.9844,49.98
20251015-122621,controller_v2,5,0,5,20,0.001,0.4,6,1001,0.0578,99.14,1.8473,53.0
20251015-122621,controller_v2,5,0,6,20,0.001,0.4,6,1001,0.0251,99.93,1.8982,52.84
20251015-122621,controller_v2,5,1,1,20,0.001,0.4,6,1001,0.8382,76.64,1.4968,60.76
20251015-122621,controller_v2,5,1,2,20,0.001,0.4,6,1001,0.2908,93.0,1.7041,55.6
20251015-122621,controller_v2,5,1,3,20,0.001,0.4,6,1001,0.1439,97.36,1.9781,52.42
20251015-122621,controller_v2,5,1,4,20,0.001,0.4,6,1001,0.0917,98.64,1.9039,53.14
20251015-122621,controller_v2,5,1,5,20,0.001,0.4,6,1001,0.0707,99.0,1.7855,54.48
20251015-122621,controller_v2,5,1,6,20,0.001,0.4,6,1001,0.0394,99.64,1.6816,56.8
20251015-122621,controller_v2,5,2,1,20,0.001,0.4,6,1001,0.8861,75.5,1.4931,60.26
20251015-122621,controller_v2,5,2,2,20,0.001,0.4,6,1001,0.369,90.0,1.7937,53.04
20251015-122621,controller_v2,5,2,3,20,0.001,0.4,6,1001,0.1737,96.43,1.9147,51.34
20251015-122621,controller_v2,5,2,4,20,0.001,0.4,6,1001,0.0926,98.36,1.8947,51.86
20251015-122621,controller_v2,5,2,5,20,0.001,0.4,6,1001,0.0568,99.64,1.8243,52.38
20251015-122621,controller_v2,5,2,6,20,0.001,0.4,6,1001,0.0319,99.86,1.7693,53.7
20251015-122621,controller_v2,5,3,1,20,0.001,0.4,6,1001,0.8613,75.64,1.6262,57.26
20251015-122621,controller_v2,5,3,2,20,0.001,0.4,6,1001,0.3001,92.93,1.733,56.04
20251015-122621,controller_v2,5,3,3,20,0.001,0.4,6,1001,0.1376,97.86,1.8386,52.92
20251015-122621,controller_v2,5,3,4,20,0.001,0.4,6,1001,0.0773,99.21,1.8691,52.48
20251015-122621,controller_v2,5,3,5,20,0.001,0.4,6,1001,0.0456,99.64,1.8767,52.54
20251015-122621,controller_v2,5,3,6,20,0.001,0.4,6,1001,0.025,99.79,1.7903,54.46
20251015-122621,controller_v2,6,0,1,20,0.001,0.45,7,1003,0.7188,79.7,1.3364,64.46
20251015-122621,controller_v2,6,0,2,20,0.001,0.45,7,1003,0.2941,92.09,1.7983,55.18
20251015-122621,controller_v2,6,0,3,20,0.001,0.45,7,1003,0.1388,97.25,1.9388,53.2
20251015-122621,controller_v2,6,0,4,20,0.001,0.45,7,1003,0.0861,98.97,1.9124,53.24
20251015-122621,controller_v2,6,0,5,20,0.001,0.45,7,1003,0.0466,99.11,1.8824,53.32
20251015-122621,controller_v2,6,0,6,20,0.001,0.45,7,1003,0.0285,99.79,1.9211,52.98
20251015-122621,controller_v2,6,1,1,20,0.001,0.45,7,1003,0.8117,77.15,1.3254,64.64
20251015-122621,controller_v2,6,1,2,20,0.001,0.45,7,1003,0.3184,91.88,1.5742,58.68
20251015-122621,controller_v2,6,1,3,20,0.001,0.45,7,1003,0.1515,96.63,1.7295,55.22
20251015-122621,controller_v2,6,1,4,20,0.001,0.45,7,1003,0.0775,99.17,1.8945,52.3
20251015-122621,controller_v2,6,1,5,20,0.001,0.45,7,1003,0.0429,99.59,1.9189,52.3
20251015-122621,controller_v2,6,1,6,20,0.001,0.45,7,1003,0.0267,99.79,1.8252,53.0
20251015-122621,controller_v2,6,2,1,20,0.001,0.45,7,1003,0.7648,78.87,1.366,63.58
20251015-122621,controller_v2,6,2,2,20,0.001,0.45,7,1003,0.2959,91.95,1.889,53.8
20251015-122621,controller_v2,6,2,3,20,0.001,0.45,7,1003,0.1313,97.8,1.8584,53.82
20251015-122621,controller_v2,6,2,4,20,0.001,0.45,7,1003,0.0795,99.04,1.9179,52.82
20251015-122621,controller_v2,6,2,5,20,0.001,0.45,7,1003,0.0437,99.31,1.8309,53.72
20251015-122621,controller_v2,6,2,6,20,0.001,0.45,7,1003,0.0278,99.93,1.7152,55.92
20251015-122621,controller_v2,6,3,1,20,0.001,0.45,7,1003,0.7801,79.28,1.3741,62.94
20251015-122621,controller_v2,6,3,2,20,0.001,0.45,7,1003,0.2754,93.05,1.7032,56.3
20251015-122621,controller_v2,6,3,3,20,0.001,0.45,7,1003,0.1413,97.11,1.7869,54.22
20251015-122621,controller_v2,6,3,4,20,0.001,0.45,7,1003,0.0703,99.04,1.8322,52.36
20251015-122621,controller_v2,6,3,5,20,0.001,0.45,7,1003,0.0501,99.38,1.7798,54.48
20251015-122621,controller_v2,6,3,6,20,0.001,0.45,7,1003,0.026,99.79,1.7508,55.44
